country,country_code,project,page_id,page_title,item_id,pageviews,date
India,IN,en.wikipedia,82034667,"Four_Hands,_Two_Sonatas",Q137271520,373,2026-09-23
United States,US,en.wikipedia,82063377,Mousetrap_(TV_series),Q140198906,216,2026-09-23
United Kingdom,GB,en.wikipedia,82063377,Mousetrap_(TV_series),Q140198906,102,2026-09-23
United Kingdom,GB,en.wikipedia,82034667,"Four_Hands,_Two_Sonatas",Q137271520,90,2026-09-23
India,IN,en.wikipedia,75325345,Flex_X_Cop,Q121879488,108,2026-09-23
Philippines,PH,en.wikipedia,83541358,"My_Bias,_My_Boss",Q140329306,92,2026-09-23
United States,US,en.wikipedia,82063072,Our_Sticky_Love,Q137835829,338,2026-09-23
Philippines,PH,en.wikipedia,82034667,"Four_Hands,_Two_Sonatas",Q137271520,255,2026-09-23
India,IN,en.wikipedia,83541358,"My_Bias,_My_Boss",Q140329306,159,2026-09-23
Philippines,PH,en.wikipedia,83488921,A_Bona_Fide_Killer,Q139411314,184,2026-09-23
Philippines,PH,en.wikipedia,82063072,Our_Sticky_Love,Q137835829,132,2026-09-23
Malaysia,MY,en.wikipedia,82063072,Our_Sticky_Love,Q137835829,93,2026-09-23
Philippines,PH,en.wikipedia,82063377,Mousetrap_(TV_series),Q140198906,92,2026-09-23
United States,US,en.wikipedia,75325345,Flex_X_Cop,Q121879488,148,2026-09-23
Australia,AU,en.wikipedia,82063072,Our_Sticky_Love,Q137835829,93,2026-09-23
United States,US,en.wikipedia,83232158,Spooky_in_Love,Q138266416,295,2026-09-23
United States,US,en.wikipedia,75697706,A_Shop_for_Killers,Q123999260,114,2026-09-23
Philippines,PH,en.wikipedia,75697706,A_Shop_for_Killers,Q123999260,104,2026-09-23
Malaysia,MY,en.wikipedia,75325345,Flex_X_Cop,Q121879488,94,2026-09-23
United States,US,en.wikipedia,82034667,"Four_Hands,_Two_Sonatas",Q137271520,634,2026-09-23
India,IN,en.wikipedia,83488921,A_Bona_Fide_Killer,Q139411314,111,2026-09-23
India,IN,en.wikipedia,75697706,A_Shop_for_Killers,Q123999260,150,2026-09-23
Brazil,BR,en.wikipedia,82034667,"Four_Hands,_Two_Sonatas",Q137271520,119,2026-09-23
Indonesia,ID,en.wikipedia,82034667,"Four_Hands,_Two_Sonatas",Q137271520,114,2026-09-23
United States,US,en.wikipedia,83541358,"My_Bias,_My_Boss",Q140329306,177,2026-09-23
India,IN,en.wikipedia,82063072,Our_Sticky_Love,Q137835829,207,2026-09-23
India,IN,en.wikipedia,83232158,Spooky_in_Love,Q138266416,136,2026-09-23
Malaysia,MY,en.wikipedia,83488921,A_Bona_Fide_Killer,Q139411314,105,2026-09-23
Singapore,SG,en.wikipedia,82034667,"Four_Hands,_Two_Sonatas",Q137271520,157,2026-09-23
India,IN,en.wikipedia,82063377,Mousetrap_(TV_series),Q140198906,132,2026-09-23
United States,US,en.wikipedia,83488921,A_Bona_Fide_Killer,Q139411314,245,2026-09-23
Japan,JP,en.wikipedia,82034667,"Four_Hands,_Two_Sonatas",Q137271520,134,2026-09-23
Singapore,SG,en.wikipedia,82063377,Mousetrap_(TV_series),Q140198906,92,2026-09-23
Australia,AU,en.wikipedia,82034667,"Four_Hands,_Two_Sonatas",Q137271520,115,2026-09-23
Canada,CA,en.wikipedia,82034667,"Four_Hands,_Two_Sonatas",Q137271520,137,2026-09-23
